{
  "mae": 21.639467239379883,
  "nmae": 0.7118245889408279,
  "accuracy": 28.81754110591721
}