case_id,fire_x,fire_y,hrr_peak_kw,vent_open_ratio,duration_s
case_000001,6.115414,1.200086,1737.631933,0.30089,74.188273
case_000002,6.413596,8.137437,891.224747,0.47973,31.787833
case_000003,2.749104,5.042842,619.411864,0.278954,68.993066
case_000004,5.359532,2.763525,3151.695577,0.828487,30.389926
case_000005,7.446554,6.585115,2031.127324,0.239932,87.432784
