{
  "mae": 4.8058342933654785,
  "nmae": 1.831233437123379,
  "accuracy": 0.0
}