{
  "mae": 2.905726432800293e-07,
  "nmae": 1.7163158758016303e-08,
  "accuracy": 99.99999828368412
}