{
  "mae": 1.4266277048591292e-12,
  "nmae": 1.1322248997864994e-14,
  "accuracy": 99.99999999999886
}