{
  "mae": 4.267711639404297,
  "nmae": 0.5208985902321511,
  "accuracy": 47.91014097678489
}