{
  "mae": 5.438084602355957,
  "nmae": 0.19961225350615353,
  "accuracy": 80.03877464938465
}