{
  "mae": 1.2409934997558594,
  "nmae": 0.010962735480203186,
  "accuracy": 98.90372645197968
}