{
  "mae": 0.013932084664702415,
  "nmae": 0.000104870955411556,
  "accuracy": 99.98951290445885
}