{
  "mae": 8.852689743041992,
  "nmae": 0.2912069030005441,
  "accuracy": 70.8793096999456
}